Departamento;Dep;Municipio;Depmun;Superficie;Poblacion;Irural;Region
Antioquia;5;Medellin;5001;374,8306248;2483545;5;Región Eje Cafetero 
Antioquia;5;Abejorral;5002;507,1341142;20258;45;Región Eje Cafetero 
Antioquia;5;Abriaqui;5004;296,9559801;2710;58;Región Eje Cafetero 
Antioquia;5;Alejandria;5021;128,9321532;4669;48;Región Eje Cafetero 
Antioquia;5;Amaga;5030;84,13247691;30777;28;Región Eje Cafetero 
Antioquia;5;Amalfi;5031;1209,126871;26552;54;Región Eje Cafetero 
Antioquia;5;Andes;5034;402,5025624;43713;38;Región Eje Cafetero 
Antioquia;5;Angelopolis;5036;81,87630162;5790;37;Región Eje Cafetero 
Antioquia;5;Angostura;5038;338,6664821;11462;47;Región Eje Cafetero 
Antioquia;5;Anori;5040;1413,773904;18737;58;Región Eje Cafetero 
Antioquia;5;Santa Fe De Antioquia;5042;525,6013746;26598;45;Región Eje Cafetero 
Antioquia;5;Anza;5044;255,9233139;7085;48;Región Eje Cafetero 
Antioquia;5;Apartado;5045;535,1723772;124647;34;Región Eje Cafetero 
Antioquia;5;Arboletes;5051;754,251902;29942;48;Región Eje Cafetero 
Antioquia;5;Argelia;5055;245,3417823;7577;46;Región Eje Cafetero 
Antioquia;5;Armenia;5059;110,434975;5085;43;Región Eje Cafetero 
Antioquia;5;Barbosa;5079;205,6661682;53242;32;Región Eje Cafetero 
Antioquia;5;Belmira;5086;296,1531671;6054;51;Región Eje Cafetero 
Antioquia;5;Bello;5088;147,758418;538527;12;Región Eje Cafetero 
Antioquia;5;Betania;5091;180,5259868;10274;42;Región Eje Cafetero 
Antioquia;5;Betulia;5093;262,3675026;15736;42;Región Eje Cafetero 
Antioquia;5;Ciudad Bolivar;5101;260,4461079;26160;38;Región Eje Cafetero 
Antioquia;5;Briceño;5107;376,3467564;8065;52;Región Eje Cafetero 
Antioquia;5;Buritica;5113;355,2102558;9502;52;Región Eje Cafetero 
Antioquia;5;Caceres;5120;1873,802834;29716;56;Región Eje Cafetero 
Antioquia;5;Caicedo;5125;200,1298832;8420;46;Región Eje Cafetero 
Antioquia;5;Caldas;5129;132,7559357;81658;24;Región Eje Cafetero 
Antioquia;5;Campamento;5134;206,3433464;9202;46;Región Eje Cafetero 
Antioquia;5;Cañasgordas;5138;364,8312301;15490;46;Región Eje Cafetero 
Antioquia;5;Caracoli;5142;262,7987754;4537;53;Región Eje Cafetero 
Antioquia;5;Caramanta;5145;92,05778314;4670;42;Región Eje Cafetero 
Antioquia;5;Carepa;5147;387,2706422;49659;40;Región Eje Cafetero 
Antioquia;5;El Carmen De Viboral;5148;423,6451916;61122;38;Región Eje Cafetero 
Antioquia;5;Carolina;5150;149,580818;3954;51;Región Eje Cafetero 
Antioquia;5;Caucasia;5154;1429,121976;93044;45;Región Eje Cafetero 
Antioquia;5;Chigorodo;5172;721,6826453;58684;43;Región Eje Cafetero 
Antioquia;5;Cisneros;5190;46,93473179;9844;34;Región Eje Cafetero 
Antioquia;5;Cocorna;5197;241,7647034;15042;41;Región Eje Cafetero 
Antioquia;5;Concepcion;5206;202,0544856;4760;49;Región Eje Cafetero 
Antioquia;5;Concordia;5209;247,8803905;21504;39;Región Eje Cafetero 
Antioquia;5;Copacabana;5212;67,76071731;80000;20;Región Eje Cafetero 
Antioquia;5;Dabeiba;5234;1957,262708;23255;57;Región Eje Cafetero 
Antioquia;5;Donmatias;5237;203,3323106;19332;39;Región Eje Cafetero 
Antioquia;5;Ebejico;5240;237,7793784;12108;42;Región Eje Cafetero 
Antioquia;5;El Bagre;5250;1560,248872;52925;51;Región Eje Cafetero 
Antioquia;5;Entrerrios;5264;214,1959458;11465;46;Región Eje Cafetero 
Antioquia;5;Envigado;5266;77,99670323;236114;8;Región Eje Cafetero 
Antioquia;5;Fredonia;5282;258,092599;24553;38;Región Eje Cafetero 
Antioquia;5;Frontino;5284;1384,131365;20657;55;Región Eje Cafetero 
Antioquia;5;Giraldo;5306;93,49444129;5652;48;Región Eje Cafetero 
Antioquia;5;Girardota;5308;82,85600095;53162;25;Región Eje Cafetero 
Antioquia;5;Gomez Plata;5310;332,2046287;9828;48;Región Eje Cafetero 
Antioquia;5;Granada;5313;190,2251211;9870;43;Región Eje Cafetero 
Antioquia;5;Guadalupe;5315;118,2097481;6607;45;Región Eje Cafetero 
Antioquia;5;Guarne;5318;151,8116382;56774;30;Región Eje Cafetero 
Antioquia;5;Guatape;5321;83,32688921;8548;41;Región Eje Cafetero 
Antioquia;5;Heliconia;5347;114,8488285;5400;41;Región Eje Cafetero 
Antioquia;5;Hispania;5353;57,52160128;5530;39;Región Eje Cafetero 
Antioquia;5;Itagüi;5360;19,64955524;283794;0;Región Eje Cafetero 
Antioquia;5;Ituango;5361;2841,116089;27419;58;Región Eje Cafetero 
Antioquia;5;Jardin;5364;201,1625617;14662;41;Región Eje Cafetero 
Antioquia;5;Jerico;5368;205,0006752;13637;41;Región Eje Cafetero 
Antioquia;5;La Ceja;5376;132,7149527;66746;28;Región Eje Cafetero 
Antioquia;5;La Estrella;5380;36,63179449;73696;16;Región Eje Cafetero 
Antioquia;5;La Pintada;5390;54,29631115;8298;36;Región Eje Cafetero 
Antioquia;5;La Union;5400;167,7396599;21963;37;Región Eje Cafetero 
Antioquia;5;Liborina;5411;216,4164432;10040;46;Región Eje Cafetero 
Antioquia;5;Maceo;5425;387,1013758;8218;53;Región Eje Cafetero 
Antioquia;5;Marinilla;5440;114,8712013;66399;27;Región Eje Cafetero 
Antioquia;5;Montebello;5467;76,02845245;6635;37;Región Eje Cafetero 
Antioquia;5;Murindo;5475;1266,201383;5088;68;Región Eje Cafetero 
Antioquia;5;Mutata;5480;1075,172821;14196;57;Región Eje Cafetero 
Antioquia;5;Nariño;5483;316,7674182;9997;44;Región Eje Cafetero 
Antioquia;5;Necocli;5490;1255,543936;43257;49;Región Eje Cafetero 
Antioquia;5;Nechi;5495;937,322945;26652;53;Región Eje Cafetero 
Antioquia;5;Olaya;5501;86,98619201;3150;47;Región Eje Cafetero 
Antioquia;5;Peñol;5541;118,3143498;21427;37;Región Eje Cafetero 
Antioquia;5;Peque;5543;434,0690434;8186;52;Región Eje Cafetero 
Antioquia;5;Pueblorrico;5576;75,43285986;8681;37;Región Eje Cafetero 
Antioquia;5;Puerto Berrio;5579;1220,109174;40048;49;Región Eje Cafetero 
Antioquia;5;Puerto Nare;5585;669,2914692;14384;50;Región Eje Cafetero 
Antioquia;5;Puerto Triunfo;5591;369,556762;18550;46;Región Eje Cafetero 
Antioquia;5;Remedios;5604;1989,19131;29061;57;Región Eje Cafetero 
Antioquia;5;Retiro;5607;243,6000278;24185;40;Región Eje Cafetero 
Antioquia;5;Rionegro;5615;195,9401489;139553;24;Región Eje Cafetero 
Antioquia;5;Sabanalarga;5628;265,764416;9155;49;Región Eje Cafetero 
Antioquia;5;Sabaneta;5631;15,83531904;85484;10;Región Eje Cafetero 
Antioquia;5;Salgar;5642;288,2349421;18218;42;Región Eje Cafetero 
Antioquia;5;San Andres De Cuerquia;5647;218,7266107;7240;48;Región Eje Cafetero 
Antioquia;5;San Carlos;5649;717,8145708;15940;51;Región Eje Cafetero 
Antioquia;5;San Francisco;5652;356,3390749;5776;52;Región Eje Cafetero 
Antioquia;5;San Jeronimo;5656;161,2657201;15710;40;Región Eje Cafetero 
Antioquia;5;San Jose De La Montaña;5658;126,0735838;3706;50;Región Eje Cafetero 
Antioquia;5;San Juan De Uraba;5659;251,9969354;20549;43;Región Eje Cafetero 
Antioquia;5;San Luis;5660;425,6190742;13035;51;Región Eje Cafetero 
Antioquia;5;San Pedro De Los Milagros;5664;220,9442744;22447;38;Región Eje Cafetero 
Antioquia;5;San Pedro De Uraba;5665;602,5331543;31571;46;Región Eje Cafetero 
Antioquia;5;San Rafael;5667;363,9286583;15632;47;Región Eje Cafetero 
Antioquia;5;San Roque;5670;424,8548977;21533;46;Región Eje Cafetero 
Antioquia;5;San Vicente Ferrer;5674;230,4911739;22258;39;Región Eje Cafetero 
Antioquia;5;Santa Barbara;5679;196,1697463;26944;36;Región Eje Cafetero 
Antioquia;5;Santa Rosa De Osos;5686;864,7789144;37143;47;Región Eje Cafetero 
Antioquia;5;Santo Domingo;5690;265,95072;12326;45;Región Eje Cafetero 
Antioquia;5;El Santuario;5697;83,45109381;36043;28;Región Eje Cafetero 
Antioquia;5;Segovia;5736;1127,32688;38692;50;Región Eje Cafetero 
Antioquia;5;Sonson;5756;1346,397144;36394;48;Región Eje Cafetero 
Antioquia;5;Sopetran;5761;219,0719133;15293;42;Región Eje Cafetero 
Antioquia;5;Tamesis;5789;252,239744;16193;41;Región Eje Cafetero 
Antioquia;5;Taraza;5790;1148,984993;27517;54;Región Eje Cafetero 
Antioquia;5;Tarso;5792;120,4790621;6194;42;Región Eje Cafetero 
Antioquia;5;Titiribi;5809;140,3457882;10716;38;Región Eje Cafetero 
Antioquia;5;Toledo;5819;122,5784167;5005;46;Región Eje Cafetero 
Antioquia;5;Turbo;5837;2919,53533;127565;48;Región Eje Cafetero 
Antioquia;5;Uramita;5842;265,9303726;6875;49;Región Eje Cafetero 
Antioquia;5;Urrao;5847;2563,397228;30484;54;Región Eje Cafetero 
Antioquia;5;Valdivia;5854;567,7026356;13950;50;Región Eje Cafetero 
Antioquia;5;Valparaiso;5856;126,1747579;6462;43;Región Eje Cafetero 
Antioquia;5;Vegachi;5858;524,9550092;11910;52;Región Eje Cafetero 
Antioquia;5;Venecia;5861;139,6743106;11636;38;Región Eje Cafetero 
Antioquia;5;Vigia Del Fuerte;5873;1661,852881;9265;67;Región Eje Cafetero 
Antioquia;5;Yali;5885;440,8583118;7630;54;Región Eje Cafetero 
Antioquia;5;Yarumal;5887;738,2562633;42116;45;Región Eje Cafetero 
Antioquia;5;Yolombo;5890;1012,51462;23050;53;Región Eje Cafetero 
Antioquia;5;Yondo;5893;1894,987489;19624;59;Región Eje Cafetero 
Antioquia;5;Zaragoza;5895;1167,357616;25210;53;Región Eje Cafetero 
Atlántico;8;Barranquilla;8001;154,202079;1243056;3;Región Caribe
Atlántico;8;Baranoa;8078;121,3471243;64949;26;Región Caribe
Atlántico;8;Campo De La Cruz;8137;99,99500657;23230;34;Región Caribe
Atlántico;8;Candelaria;8141;135,7690644;16648;39;Región Caribe
Atlántico;8;Galapa;8296;97,51307157;64260;28;Región Caribe
Atlántico;8;Juan De Acosta;8372;167,9304823;21971;39;Región Caribe
Atlántico;8;Luruaco;8421;224,3210558;29348;38;Región Caribe
Atlántico;8;Malambo;8433;97,94233728;134468;19;Región Caribe
Atlántico;8;Manati;8436;214,2730332;20698;42;Región Caribe
Atlántico;8;Palmar De Varela;8520;92,33826091;30094;29;Región Caribe
Atlántico;8;Piojo;8549;252,9746879;6873;51;Región Caribe
Atlántico;8;Polonuevo;8558;73,86433128;18941;32;Región Caribe
Atlántico;8;Ponedera;8560;206,5351911;24877;38;Región Caribe
Atlántico;8;Puerto Colombia;8573;70,56709254;51695;27;Región Caribe
Atlántico;8;Repelon;8606;358,5403065;27249;41;Región Caribe
Atlántico;8;Sabanagrande;8634;43,11113256;33858;23;Región Caribe
Atlántico;8;Sabanalarga;8638;395,8743801;97005;32;Región Caribe
Atlántico;8;Santa Lucia;8675;57,36635532;16624;33;Región Caribe
Atlántico;8;Santo Tomas;8685;65,00300596;31027;28;Región Caribe
Atlántico;8;Soledad;8758;59,35835745;638065;4;Región Caribe
Atlántico;8;Suan;8770;42,55805817;12282;32;Región Caribe
Atlántico;8;Tubara;8832;182,9895582;18190;41;Región Caribe
Atlántico;8;Usiacuri;8849;101,3781327;12743;39;Región Caribe
Bogotá. D.C.;11;Bogota. D.C.;11001;1622,852605;7592871;6;Región Centro Oriente
Bolívar;13;Cartagena De Indias;13001;597,6810116;1003685;18;Región Caribe
Bolívar;13;Achi;13006;951,7658313;24610;54;Región Caribe
Bolívar;13;Altos Del Rosario;13030;303,746227;11309;49;Región Caribe
Bolívar;13;Arenal;13042;461,9322834;7590;50;Región Caribe
Bolívar;13;Arjona;13052;589,5770154;71837;38;Región Caribe
Bolívar;13;Arroyohondo;13062;163,8083758;8504;44;Región Caribe
Bolívar;13;Barranco De Loba;13074;430,7368606;14996;50;Región Caribe
Bolívar;13;Calamar;13140;255,3533194;22794;41;Región Caribe
Bolívar;13;Cantagallo;13160;881,4832174;8488;59;Región Caribe
Bolívar;13;Cicuco;13188;133,1793333;13903;41;Región Caribe
Bolívar;13;Cordoba;13212;597,3180978;16225;51;Región Caribe
Bolívar;13;Clemencia;13222;85,37593328;15014;36;Región Caribe
Bolívar;13;El Carmen De Bolivar;13244;946,2737634;71428;42;Región Caribe
Bolívar;13;El Guamo;13248;383,1733874;8825;52;Región Caribe
Bolívar;13;El Peñon;13268;318,9348519;7884;52;Región Caribe
Bolívar;13;Hatillo De Loba;13300;194,3310147;12699;44;Región Caribe
Bolívar;13;Magangue;13430;1129,962837;137030;39;Región Caribe
Bolívar;13;Mahates;13433;432,1803413;28602;43;Región Caribe
Bolívar;13;Margarita;13440;293,6833555;10913;50;Región Caribe
Bolívar;13;Maria La Baja;13442;559,9178432;47389;40;Región Caribe
Bolívar;13;Montecristo;13458;2092,813558;17017;61;Región Caribe
Bolívar;13;Santa Cruz De Mompox;13468;652,142579;45498;44;Región Caribe
Bolívar;13;Morales;13473;1347,599854;22846;57;Región Caribe
Bolívar;13;Pinillos;13549;775,5687254;24433;51;Región Caribe
Bolívar;13;Regidor;13580;183,4526892;6983;47;Región Caribe
Bolívar;13;Rio Viejo;13600;845,2364926;10638;53;Región Caribe
Bolívar;13;San Cristobal;13620;42,2688054;8330;35;Región Caribe
Bolívar;13;San Estanislao;13647;211,6392567;18729;41;Región Caribe
Bolívar;13;San Fernando;13650;317,3249881;12813;48;Región Caribe
Bolívar;13;San Jacinto;13654;442,9159906;24232;45;Región Caribe
Bolívar;13;San Jacinto Del Cauca;13655;569,9507007;10305;54;Región Caribe
Bolívar;13;San Juan Nepomuceno;13657;631,2247411;37765;44;Región Caribe
Bolívar;13;San Martin De Loba;13667;450,1981268;14792;51;Región Caribe
Bolívar;13;San Pablo;13670;2021,035991;28043;56;Región Caribe
Bolívar;13;Santa Catalina;13673;172,7742203;14747;41;Región Caribe
Bolívar;13;Santa Rosa;13683;154,6722422;21766;37;Región Caribe
Bolívar;13;Santa Rosa Del Sur;13688;2382,782371;33701;56;Región Caribe
Bolívar;13;Simiti;13744;1354,659727;18678;57;Región Caribe
Bolívar;13;Soplaviento;13760;92,60413437;10733;39;Región Caribe
Bolívar;13;Talaigua Nuevo;13780;249,3051513;13106;46;Región Caribe
Bolívar;13;Tiquisio;13810;762,808778;18584;52;Región Caribe
Bolívar;13;Turbaco;13836;201,9811425;109813;30;Región Caribe
Bolívar;13;Turbana;13838;191,1551514;16954;40;Región Caribe
Bolívar;13;Villanueva;13873;137,126414;24581;37;Región Caribe
Bolívar;13;Zambrano;13894;309,15321;12113;47;Región Caribe
Boyacá;15;Tunja;15001;119,6889182;176347;20;Región Centro Oriente
Boyacá;15;Almeida;15022;57,67211917;1845;46;Región Centro Oriente
Boyacá;15;Aquitania;15047;942,1465627;15460;54;Región Centro Oriente
Boyacá;15;Arcabuco;15051;137,898588;5911;48;Región Centro Oriente
Boyacá;15;Belen;15087;163,08822;7500;45;Región Centro Oriente
Boyacá;15;Berbeo;15090;58,01301631;1587;49;Región Centro Oriente
Boyacá;15;Beteitiva;15092;101,8995485;1943;51;Región Centro Oriente
Boyacá;15;Boavita;15097;145,3052912;4888;45;Región Centro Oriente
Boyacá;15;Boyaca;15104;48,02286793;5103;39;Región Centro Oriente
Boyacá;15;Briceño;15106;64,59970295;2175;46;Región Centro Oriente
Boyacá;15;Buenavista;15109;110,1567565;4396;45;Región Centro Oriente
Boyacá;15;Busbanza;15114;25,35271463;1138;49;Región Centro Oriente
Boyacá;15;Caldas;15131;78,96557418;3127;45;Región Centro Oriente
Boyacá;15;Campohermoso;15135;298,7283793;3082;55;Región Centro Oriente
Boyacá;15;Cerinza;15162;63,57858191;3703;43;Región Centro Oriente
Boyacá;15;Chinavita;15172;136,3734565;3198;49;Región Centro Oriente
Boyacá;15;Chiquinquira;15176;165,0136694;57101;31;Región Centro Oriente
Boyacá;15;Chiscas;15180;658,8148981;3924;60;Región Centro Oriente
Boyacá;15;Chita;15183;677,3770025;7881;56;Región Centro Oriente
Boyacá;15;Chitaraque;15185;158,5347217;5843;47;Región Centro Oriente
Boyacá;15;Chivata;15187;49,53234015;2812;40;Región Centro Oriente
Boyacá;15;Cienega;15189;53,99242241;4642;40;Región Centro Oriente
Boyacá;15;Combita;15204;145,2759548;13140;41;Región Centro Oriente
Boyacá;15;Coper;15212;149,8697267;3585;50;Región Centro Oriente
Boyacá;15;Corrales;15215;60,85143191;2523;47;Región Centro Oriente
Boyacá;15;Covarachia;15218;102,4313225;2742;49;Región Centro Oriente
Boyacá;15;Cubara;15223;1177,61461;10563;64;Región Centro Oriente
Boyacá;15;Cucaita;15224;42,12806645;3759;39;Región Centro Oriente
Boyacá;15;Cuitiva;15226;44,13326992;1804;47;Región Centro Oriente
Boyacá;15;Chiquiza;15232;116,5118127;4713;45;Región Centro Oriente
Boyacá;15;Chivor;15236;108,6796408;2504;51;Región Centro Oriente
Boyacá;15;Duitama;15238;234,0243925;124780;28;Región Centro Oriente
Boyacá;15;El Cocuy;15244;238,3446194;4150;52;Región Centro Oriente
Boyacá;15;El Espino;15248;69,40066627;3054;45;Región Centro Oriente
Boyacá;15;Firavitoba;15272;109,3405951;6737;45;Región Centro Oriente
Boyacá;15;Floresta;15276;88,12845643;3240;45;Región Centro Oriente
Boyacá;15;Gachantiva;15293;88,16642732;2779;48;Región Centro Oriente
Boyacá;15;Gameza;15296;123,6816171;4845;47;Región Centro Oriente
Boyacá;15;Garagoa;15299;193,5124911;18144;41;Región Centro Oriente
Boyacá;15;Guacamayas;15317;57,65232987;1843;49;Región Centro Oriente
Boyacá;15;Guateque;15322;36,13928524;10809;31;Región Centro Oriente
Boyacá;15;Guayata;15325;99,96683864;3387;42;Región Centro Oriente
Boyacá;15;Güican De La Sierra;15332;952,2178782;4285;61;Región Centro Oriente
Boyacá;15;Iza;15362;34,24778273;1972;44;Región Centro Oriente
Boyacá;15;Jenesano;15367;59,00829053;7274;38;Región Centro Oriente
Boyacá;15;Jerico;15368;131,7368912;3900;49;Región Centro Oriente
Boyacá;15;Labranzagrande;15377;581,2767701;3501;60;Región Centro Oriente
Boyacá;15;La Capilla;15380;56,9311693;2686;44;Región Centro Oriente
Boyacá;15;La Victoria;15401;28,00521775;1118;44;Región Centro Oriente
Boyacá;15;La Uvita;15403;161,5631862;2831;52;Región Centro Oriente
Boyacá;15;Villa De Leyva;15407;126,5884127;16617;40;Región Centro Oriente
Boyacá;15;Macanal;15425;199,9660056;5027;51;Región Centro Oriente
Boyacá;15;Maripi;15442;160,6847894;5697;45;Región Centro Oriente
Boyacá;15;Miraflores;15455;258,7141808;8937;47;Región Centro Oriente
Boyacá;15;Mongua;15464;360,3771473;4620;55;Región Centro Oriente
Boyacá;15;Mongui;15466;68,85476038;4266;43;Región Centro Oriente
Boyacá;15;Moniquira;15469;218,2790555;22821;40;Región Centro Oriente
Boyacá;15;Motavita;15476;60,044097;5641;39;Región Centro Oriente
Boyacá;15;Muzo;15480;137,8741273;8466;42;Región Centro Oriente
Boyacá;15;Nobsa;15491;55,42547563;16238;32;Región Centro Oriente
Boyacá;15;Nuevo Colon;15494;51,39679736;5172;38;Región Centro Oriente
Boyacá;15;Oicata;15500;60,30217623;2858;46;Región Centro Oriente
Boyacá;15;Otanche;15507;475,0400674;8002;53;Región Centro Oriente
Boyacá;15;Pachavita;15511;66,69016938;2447;45;Región Centro Oriente
Boyacá;15;Paez;15514;339,0690833;3256;58;Región Centro Oriente
Boyacá;15;Paipa;15516;305,109195;34177;41;Región Centro Oriente
Boyacá;15;Pajarito;15518;313,6825743;2400;61;Región Centro Oriente
Boyacá;15;Panqueba;15522;39,7152486;1702;47;Región Centro Oriente
Boyacá;15;Pauna;15531;252,6287229;7198;48;Región Centro Oriente
Boyacá;15;Paya;15533;443,8104574;2616;63;Región Centro Oriente
Boyacá;15;Paz De Rio;15537;122,6995091;4228;47;Región Centro Oriente
Boyacá;15;Pesca;15542;263,0925844;6765;49;Región Centro Oriente
Boyacá;15;Pisba;15550;464,9507465;1779;68;Región Centro Oriente
Boyacá;15;Puerto Boyaca;15572;1513,601037;47600;49;Región Centro Oriente
Boyacá;15;Quipama;15580;167,3268591;4939;44;Región Centro Oriente
Boyacá;15;Ramiriqui;15599;125,6838023;9988;41;Región Centro Oriente
Boyacá;15;Raquira;15600;220,6663703;7958;44;Región Centro Oriente
Boyacá;15;Rondon;15621;206,3634297;2384;53;Región Centro Oriente
Boyacá;15;Saboya;15632;248,651962;13728;45;Región Centro Oriente
Boyacá;15;Sachica;15638;63,92725829;5578;44;Región Centro Oriente
Boyacá;15;Samaca;15646;167,5862368;18588;40;Región Centro Oriente
Boyacá;15;San Eduardo;15660;109,4696018;1676;53;Región Centro Oriente
Boyacá;15;San Jose De Pare;15664;74,40355031;4989;42;Región Centro Oriente
Boyacá;15;San Luis De Gaceno;15667;469,8454958;5476;55;Región Centro Oriente
Boyacá;15;San Mateo;15673;123,8794718;3204;48;Región Centro Oriente
Boyacá;15;San Miguel De Sema;15676;93,99806905;3006;45;Región Centro Oriente
Boyacá;15;San Pablo De Borbur;15681;195,9043568;6664;44;Región Centro Oriente
Boyacá;15;Santana;15686;67,9638235;7643;40;Región Centro Oriente
Boyacá;15;Santa Maria;15690;309,6596735;3518;54;Región Centro Oriente
Boyacá;15;Santa Rosa De Viterbo;15693;116,7060924;13205;40;Región Centro Oriente
Boyacá;15;Santa Sofia;15696;77,56281644;3195;47;Región Centro Oriente
Boyacá;15;Sativanorte;15720;161,3101646;2177;54;Región Centro Oriente
Boyacá;15;Sativasur;15723;54,88468108;1100;51;Región Centro Oriente
Boyacá;15;Siachoque;15740;119,222967;6747;44;Región Centro Oriente
Boyacá;15;Soata;15753;123,0954378;8908;43;Región Centro Oriente
Boyacá;15;Socota;15755;603,5863879;7231;55;Región Centro Oriente
Boyacá;15;Socha;15757;150,1520034;8018;46;Región Centro Oriente
Boyacá;15;Sogamoso;15759;208,305874;129346;27;Región Centro Oriente
Boyacá;15;Somondoco;15761;58,79505007;2887;41;Región Centro Oriente
Boyacá;15;Sora;15762;47,84502378;3050;44;Región Centro Oriente
Boyacá;15;Sotaquira;15763;285,2938079;8237;49;Región Centro Oriente
Boyacá;15;Soraca;15764;55,75775305;6015;40;Región Centro Oriente
Boyacá;15;Susacon;15774;182,7031371;2704;53;Región Centro Oriente
Boyacá;15;Sutamarchan;15776;103,5053362;6164;44;Región Centro Oriente
Boyacá;15;Sutatenza;15778;41,12701065;4224;38;Región Centro Oriente
Boyacá;15;Tasco;15790;209,6981117;5823;49;Región Centro Oriente
Boyacá;15;Tenza;15798;45,86408254;3828;39;Región Centro Oriente
Boyacá;15;Tibana;15804;121,8326548;9085;42;Región Centro Oriente
Boyacá;15;Tibasosa;15806;93,75675416;13196;38;Región Centro Oriente
Boyacá;15;Tinjaca;15808;79,7514018;3313;49;Región Centro Oriente
Boyacá;15;Tipacoque;15810;71,94767125;3299;45;Región Centro Oriente
Boyacá;15;Toca;15814;168,2518628;8831;44;Región Centro Oriente
Boyacá;15;Togüi;15816;101,4431245;4330;47;Región Centro Oriente
Boyacá;15;Topaga;15820;33,62952821;3660;40;Región Centro Oriente
Boyacá;15;Tota;15822;196,046061;5206;50;Región Centro Oriente
Boyacá;15;Tunungua;15832;29,22130806;1559;48;Región Centro Oriente
Boyacá;15;Turmeque;15835;79,70660437;6131;40;Región Centro Oriente
Boyacá;15;Tuta;15837;165,3303831;8369;45;Región Centro Oriente
Boyacá;15;Tutaza;15839;122,009502;2037;54;Región Centro Oriente
Boyacá;15;umbita;15842;146,0853498;7534;42;Región Centro Oriente
Boyacá;15;Ventaquemada;15861;160,0115045;15920;40;Región Centro Oriente
Boyacá;15;Viracacha;15879;62,58114464;2817;45;Región Centro Oriente
Boyacá;15;Zetaquira;15897;251,5050651;4621;52;Región Centro Oriente
Caldas;17;Manizales;17001;441,0016552;440608;20;Región Eje Cafetero 
Caldas;17;Aguadas;17013;475,732664;22907;43;Región Eje Cafetero 
Caldas;17;Anserma;17042;209,1426767;36405;33;Región Eje Cafetero 
Caldas;17;Aranzazu;17050;149,5767563;10533;39;Región Eje Cafetero 
Caldas;17;Belalcazar;17088;113,3466853;10634;37;Región Eje Cafetero 
Caldas;17;Chinchina;17174;109,3726584;51773;24;Región Eje Cafetero 
Caldas;17;Filadelfia;17272;192,6013668;11399;41;Región Eje Cafetero 
Caldas;17;La Dorada;17380;549,2363411;72972;37;Región Eje Cafetero 
Caldas;17;La Merced;17388;88,6003592;5916;40;Región Eje Cafetero 
Caldas;17;Manzanares;17433;197,9118865;17805;37;Región Eje Cafetero 
Caldas;17;Marmato;17442;36,88602204;9035;32;Región Eje Cafetero 
Caldas;17;Marquetalia;17444;90,33303734;13368;35;Región Eje Cafetero 
Caldas;17;Marulanda;17446;376,9595227;2565;56;Región Eje Cafetero 
Caldas;17;Neira;17486;369,3427531;21040;39;Región Eje Cafetero 
Caldas;17;Norcasia;17495;227,5466889;6075;49;Región Eje Cafetero 
Caldas;17;Pacora;17513;257,1202017;15296;42;Región Eje Cafetero 
Caldas;17;Palestina;17524;112,230143;15598;33;Región Eje Cafetero 
Caldas;17;Pensilvania;17541;498,5451076;19781;43;Región Eje Cafetero 
Caldas;17;Riosucio;17614;384,1694705;51371;35;Región Eje Cafetero 
Caldas;17;Risaralda;17616;89,8893734;10640;36;Región Eje Cafetero 
Caldas;17;Salamina;17653;388,0893344;19387;43;Región Eje Cafetero 
Caldas;17;Samana;17662;758,1752864;20116;47;Región Eje Cafetero 
Caldas;17;San Jose;17665;60,94262259;4875;36;Región Eje Cafetero 
Caldas;17;Supia;17777;121,611572;29021;32;Región Eje Cafetero 
Caldas;17;Victoria;17867;558,8852848;10255;54;Región Eje Cafetero 
Caldas;17;Villamaria;17873;455,0658332;66189;37;Región Eje Cafetero 
Caldas;17;Viterbo;17877;112,9063692;12780;36;Región Eje Cafetero 
Caquetá;18;Florencia;18001;2547,637532;170764;46;Región Centro Sur
Caquetá;18;Albania;18029;414,1220702;4491;57;Región Centro Sur
Caquetá;18;Belen De Los Andaquies;18094;1191,618572;11102;60;Región Centro Sur
Caquetá;18;Cartagena Del Chaira;18150;12785,61879;30778;73;Región Centro Sur
Caquetá;18;Curillo;18205;403,3582494;7683;54;Región Centro Sur
Caquetá;18;El Doncello;18247;1106,076151;19256;54;Región Centro Sur
Caquetá;18;El Paujil;18256;1234,734145;18251;57;Región Centro Sur
Caquetá;18;La Montañita;18410;1701,06143;14662;58;Región Centro Sur
Caquetá;18;Milan;18460;1220,575999;9838;61;Región Centro Sur
Caquetá;18;Morelia;18479;462,4795907;3718;62;Región Centro Sur
Caquetá;18;Puerto Rico;18592;4146,39716;26329;61;Región Centro Sur
Caquetá;18;San Jose Del Fragua;18610;1304,769006;12949;59;Región Centro Sur
Caquetá;18;San Vicente Del Caguan;18753;17464,63437;51714;69;Región Centro Sur
Caquetá;18;Solano;18756;42312,78361;11359;87;Región Centro Sur
Caquetá;18;Solita;18785;476,9314729;6280;58;Región Centro Sur
Caquetá;18;Valparaiso;18860;1330,210015;6968;60;Región Centro Sur
Cauca;19;Popayan;19001;480,1797433;321991;27;Región Pacífico
Cauca;19;Almaguer;19022;236,7148308;18263;42;Región Pacífico
Cauca;19;Argelia;19050;775,7878261;26376;50;Región Pacífico
Cauca;19;Balboa;19075;413,2111974;21270;46;Región Pacífico
Cauca;19;Bolivar;19100;797,8202555;37327;46;Región Pacífico
Cauca;19;Buenos Aires;19110;435,0287987;31754;38;Región Pacífico
Cauca;19;Cajibio;19130;552,2786117;42439;44;Región Pacífico
Cauca;19;Caldono;19137;354,7386533;40898;41;Región Pacífico
Cauca;19;Caloto;19142;266,5645883;30143;37;Región Pacífico
Cauca;19;Corinto;19212;325,9155807;25342;40;Región Pacífico
Cauca;19;El Tambo;19256;2739,598906;53840;55;Región Pacífico
Cauca;19;Florencia;19290;56,65263631;5254;41;Región Pacífico
Cauca;19;Guapi;19318;2567,949271;27619;59;Región Pacífico
Cauca;19;Inza;19355;866,3120686;29170;49;Región Pacífico
Cauca;19;Jambalo;19364;234,4475575;18240;43;Región Pacífico
Cauca;19;La Sierra;19392;208,3544199;10674;46;Región Pacífico
Cauca;19;La Vega;19397;516,0748807;24542;43;Región Pacífico
Cauca;19;Lopez De Micay;19418;3367,567364;18761;63;Región Pacífico
Cauca;19;Mercaderes;19450;697,9813853;22901;52;Región Pacífico
Cauca;19;Miranda;19455;189,6843136;31733;34;Región Pacífico
Cauca;19;Morales;19473;511,4777275;39516;46;Región Pacífico
Cauca;19;Padilla;19513;69,68342538;9953;38;Región Pacífico
Cauca;19;Paez;19517;1793,143888;46278;53;Región Pacífico
Cauca;19;Patia;19532;755,2910829;37183;48;Región Pacífico
Cauca;19;Piamonte;19533;1104,751697;9004;63;Región Pacífico
Cauca;19;Piendamo - Tunia;19548;181,2696298;41362;35;Región Pacífico
Cauca;19;Puerto Tejada;19573;109,1232913;41648;28;Región Pacífico
Cauca;19;Purace;19585;848,3233083;17423;50;Región Pacífico
Cauca;19;Rosas;19622;169,0917445;11495;43;Región Pacífico
Cauca;19;San Sebastian;19693;419,0349045;11004;50;Región Pacífico
Cauca;19;Santander De Quilichao;19698;518,1974761;111789;36;Región Pacífico
Cauca;19;Santa Rosa;19701;3619,371026;5354;70;Región Pacífico
Cauca;19;Silvia;19743;680,9915665;37713;45;Región Pacífico
Cauca;19;Sotara Paispamba;19760;515,9441859;14079;50;Región Pacífico
Cauca;19;Suarez;19780;392,3857088;32226;49;Región Pacífico
Cauca;19;Sucre;19785;135,8732961;9582;44;Región Pacífico
Cauca;19;Timbio;19807;201,2927022;35895;37;Región Pacífico
Cauca;19;Timbiqui;19809;2057,706193;26363;59;Región Pacífico
Cauca;19;Toribio;19821;492,1411684;36016;44;Región Pacífico
Cauca;19;Totoro;19824;404,4704595;25137;47;Región Pacífico
Cauca;19;Villa Rica;19845;81,62162048;21000;35;Región Pacífico
Cesar;20;Valledupar;20001;4185,791801;513685;40;Región Caribe
Cesar;20;Aguachica;20011;877,6666396;114569;42;Región Caribe
Cesar;20;Agustin Codazzi;20013;1753,092507;62864;50;Región Caribe
Cesar;20;Astrea;20032;637,9027727;20617;51;Región Caribe
Cesar;20;Becerril;20045;1225,401133;22542;58;Región Caribe
Cesar;20;Bosconia;20060;586,2091721;41825;45;Región Caribe
Cesar;20;Chimichagua;20175;1376,425322;35269;53;Región Caribe
Cesar;20;Chiriguana;20178;1114,480371;28743;54;Región Caribe
Cesar;20;Curumani;20228;915,1712714;38617;51;Región Caribe
Cesar;20;El Copey;20238;956,4508359;30957;49;Región Caribe
Cesar;20;El Paso;20250;813,9328212;39365;51;Región Caribe
Cesar;20;Gamarra;20295;326,8805947;15458;48;Región Caribe
Cesar;20;Gonzalez;20310;73,00612174;4469;39;Región Caribe
Cesar;20;La Gloria;20383;802,872114;17858;55;Región Caribe
Cesar;20;La Jagua De Ibirico;20400;755,9067586;49052;51;Región Caribe
Cesar;20;Manaure Balcon Del Cesar;20443;136,7820852;10479;42;Región Caribe
Cesar;20;Pailitas;20517;531,8429914;19183;51;Región Caribe
Cesar;20;Pelaya;20550;423,3873731;21564;49;Región Caribe
Cesar;20;Pueblo Bello;20570;743,8018203;28298;50;Región Caribe
Cesar;20;Rio De Oro;20614;549,4380207;17346;52;Región Caribe
Cesar;20;La Paz;20621;1073,101152;28758;52;Región Caribe
Cesar;20;San Alberto;20710;550,2115478;27449;49;Región Caribe
Cesar;20;San Diego;20750;645,9994446;19818;52;Región Caribe
Cesar;20;San Martin;20770;993,291243;27823;54;Región Caribe
Cesar;20;Tamalameque;20787;513,2984926;15790;51;Región Caribe
Córdoba;23;Monteria;23001;3136,587044;498858;39;Región Caribe
Córdoba;23;Ayapel;23068;1964,838821;47057;53;Región Caribe
Córdoba;23;Buenavista;23079;834,9270381;21274;53;Región Caribe
Córdoba;23;Canalete;23090;420,0397014;15385;47;Región Caribe
Córdoba;23;Cerete;23162;290,8443334;107234;31;Región Caribe
Córdoba;23;Chima;23168;324,0030695;17738;46;Región Caribe
Córdoba;23;Chinu;23182;626,1871305;48323;42;Región Caribe
Córdoba;23;Cienaga De Oro;23189;641,2396073;59871;42;Región Caribe
Córdoba;23;Cotorra;23300;88,26853651;19315;36;Región Caribe
Córdoba;23;La Apartada;23350;287,0437171;15058;47;Región Caribe
Córdoba;23;Lorica;23417;950,9942894;114666;38;Región Caribe
Córdoba;23;Los Cordobas;23419;366,0647903;19038;47;Región Caribe
Córdoba;23;Momil;23464;158,7627734;19876;40;Región Caribe
Córdoba;23;Montelibano;23466;1551,166009;83908;47;Región Caribe
Córdoba;23;Moñitos;23500;203,1728803;30242;39;Región Caribe
Córdoba;23;Planeta Rica;23555;1140,623033;64465;46;Región Caribe
Córdoba;23;Pueblo Nuevo;23570;849,2798874;36112;48;Región Caribe
Córdoba;23;Puerto Escondido;23574;411,0417309;24036;46;Región Caribe
Córdoba;23;Puerto Libertador;23580;1647,356364;42835;53;Región Caribe
Córdoba;23;Purisima De La Concepcion;23586;117,7342529;17411;38;Región Caribe
Córdoba;23;Sahagun;23660;964,8145411;109052;41;Región Caribe
Córdoba;23;San Andres De Sotavento;23670;206,7703199;48215;31;Región Caribe
Córdoba;23;San Antero;23672;207,4903722;34520;38;Región Caribe
Córdoba;23;San Bernardo Del Viento;23675;315,9719833;37052;40;Región Caribe
Córdoba;23;San Carlos;23678;446,8206344;27174;47;Región Caribe
Córdoba;23;San Pelayo;23686;445,4911801;52481;42;Región Caribe
Córdoba;23;Tierralta;23807;4937,722936;93873;55;Región Caribe
Córdoba;23;Valencia;23855;919,2591996;36042;48;Región Caribe
Cundinamarca;25;Agua De Dios;25001;85,7453277;11966;35;Región Centro Oriente
Cundinamarca;25;Alban;25019;50,83509982;6650;36;Región Centro Oriente
Cundinamarca;25;Anapoima;25035;123,9554901;15315;38;Región Centro Oriente
Cundinamarca;25;Anolaima;25040;120,9523471;14161;37;Región Centro Oriente
Cundinamarca;25;Arbelaez;25053;142,4599672;10825;38;Región Centro Oriente
Cundinamarca;25;Beltran;25086;176,8459871;1832;55;Región Centro Oriente
Cundinamarca;25;Bituima;25095;61,0461936;2507;44;Región Centro Oriente
Cundinamarca;25;Bojaca;25099;102,3198813;10524;38;Región Centro Oriente
Cundinamarca;25;Cabrera;25120;421,8395926;4885;55;Región Centro Oriente
Cundinamarca;25;Cachipay;25123;53,45261554;10324;32;Región Centro Oriente
Cundinamarca;25;Cajica;25126;51,27563121;87866;21;Región Centro Oriente
Cundinamarca;25;Caparrapi;25148;615,6675976;12714;50;Región Centro Oriente
Cundinamarca;25;Caqueza;25151;111,5068197;17480;33;Región Centro Oriente
Cundinamarca;25;Carmen De Carupa;25154;298,5490641;7733;49;Región Centro Oriente
Cundinamarca;25;Chaguani;25168;172,0267225;4255;49;Región Centro Oriente
Cundinamarca;25;Chia;25175;80,15804066;141308;18;Región Centro Oriente
Cundinamarca;25;Chipaque;25178;150,549554;9748;40;Región Centro Oriente
Cundinamarca;25;Choachi;25181;212,4200962;11213;42;Región Centro Oriente
Cundinamarca;25;Choconta;25183;300,1938987;21425;42;Región Centro Oriente
Cundinamarca;25;Cogua;25200;132,8803821;23286;36;Región Centro Oriente
Cundinamarca;25;Cota;25214;53,67739272;34948;27;Región Centro Oriente
Cundinamarca;25;Cucunuba;25224;109,8401736;7935;43;Región Centro Oriente
Cundinamarca;25;El Colegio;25245;118,279645;25047;33;Región Centro Oriente
Cundinamarca;25;El Peñon;25258;134,0909984;4710;47;Región Centro Oriente
Cundinamarca;25;El Rosal;25260;87,21297255;23417;34;Región Centro Oriente
Cundinamarca;25;Facatativa;25269;158,0207331;148001;22;Región Centro Oriente
Cundinamarca;25;Fomeque;25279;460,1753519;12367;47;Región Centro Oriente
Cundinamarca;25;Fosca;25281;111,2035453;5892;40;Región Centro Oriente
Cundinamarca;25;Funza;25286;67,75368968;99387;20;Región Centro Oriente
Cundinamarca;25;Fuquene;25288;77,46122838;5047;43;Región Centro Oriente
Cundinamarca;25;Fusagasuga;25290;193,9528767;146556;23;Región Centro Oriente
Cundinamarca;25;Gachala;25293;384,9970873;4386;53;Región Centro Oriente
Cundinamarca;25;Gachancipa;25295;43,05740685;18264;31;Región Centro Oriente
Cundinamarca;25;Gacheta;25297;258,862023;8439;45;Región Centro Oriente
Cundinamarca;25;Gama;25299;107,6867983;3152;46;Región Centro Oriente
Cundinamarca;25;Girardot;25307;130,1553462;105379;22;Región Centro Oriente
Cundinamarca;25;Granada;25312;60,70497778;7566;35;Región Centro Oriente
Cundinamarca;25;Guacheta;25317;170,1733036;13749;43;Región Centro Oriente
Cundinamarca;25;Guaduas;25320;763,675864;31869;46;Región Centro Oriente
Cundinamarca;25;Guasca;25322;360,5885209;16166;46;Región Centro Oriente
Cundinamarca;25;Guataqui;25324;90,95220287;2811;48;Región Centro Oriente
Cundinamarca;25;Guatavita;25326;252,368062;6561;48;Región Centro Oriente
Cundinamarca;25;Guayabal De Siquima;25328;61,87344864;4587;42;Región Centro Oriente
Cundinamarca;25;Guayabetal;25335;222,8178266;6485;48;Región Centro Oriente
Cundinamarca;25;Gutierrez;25339;453,2254905;3478;56;Región Centro Oriente
Cundinamarca;25;Jerusalen;25368;221,860182;2283;54;Región Centro Oriente
Cundinamarca;25;Junin;25372;343,8255538;5920;48;Región Centro Oriente
Cundinamarca;25;La Calera;25377;326,5099355;31432;40;Región Centro Oriente
Cundinamarca;25;La Mesa;25386;148,1987348;34465;33;Región Centro Oriente
Cundinamarca;25;La Palma;25394;190,7906933;9588;44;Región Centro Oriente
Cundinamarca;25;La Peña;25398;128,470717;5976;43;Región Centro Oriente
Cundinamarca;25;La Vega;25402;155,4375575;17830;39;Región Centro Oriente
Cundinamarca;25;Lenguazaque;25407;155,6303769;10424;43;Región Centro Oriente
Cundinamarca;25;Macheta;25426;229,2074774;6171;48;Región Centro Oriente
Cundinamarca;25;Madrid;25430;119,5819169;120067;24;Región Centro Oriente
Cundinamarca;25;Manta;25436;107,9065122;3795;45;Región Centro Oriente
Cundinamarca;25;Medina;25438;1196,74949;8064;58;Región Centro Oriente
Cundinamarca;25;Mosquera;25473;105,9388888;141171;23;Región Centro Oriente
Cundinamarca;25;Nariño;25483;55,16262691;2395;45;Región Centro Oriente
Cundinamarca;25;Nemocon;25486;98,36503989;13868;38;Región Centro Oriente
Cundinamarca;25;Nilo;25488;224,7320864;11441;41;Región Centro Oriente
Cundinamarca;25;Nimaima;25489;59,49982456;3665;39;Región Centro Oriente
Cundinamarca;25;Nocaima;25491;68,93823303;6317;37;Región Centro Oriente
Cundinamarca;25;Venecia;25506;122,2033168;4320;45;Región Centro Oriente
Cundinamarca;25;Pacho;25513;402,6267771;25046;42;Región Centro Oriente
Cundinamarca;25;Paime;25518;173,6357112;4206;48;Región Centro Oriente
Cundinamarca;25;Pandi;25524;71,69758309;5146;40;Región Centro Oriente
Cundinamarca;25;Paratebueno;25530;885,5337034;8786;59;Región Centro Oriente
Cundinamarca;25;Pasca;25535;271,711612;9341;42;Región Centro Oriente
Cundinamarca;25;Puerto Salgar;25572;515,9414546;16058;49;Región Centro Oriente
Cundinamarca;25;Puli;25580;197,6878846;3369;52;Región Centro Oriente
Cundinamarca;25;Quebradanegra;25592;79,85642952;4807;42;Región Centro Oriente
Cundinamarca;25;Quetame;25594;137,835513;5176;42;Región Centro Oriente
Cundinamarca;25;Quipile;25596;127,7171349;6380;41;Región Centro Oriente
Cundinamarca;25;Apulo;25599;121,9869033;8457;41;Región Centro Oriente
Cundinamarca;25;Ricaurte;25612;128,2975197;13652;41;Región Centro Oriente
Cundinamarca;25;San Antonio Del Tequendama;25645;88,56564868;12340;34;Región Centro Oriente
Cundinamarca;25;San Bernardo;25649;247,0126176;8703;43;Región Centro Oriente
Cundinamarca;25;San Cayetano;25653;287,8079453;4892;52;Región Centro Oriente
Cundinamarca;25;San Francisco;25658;118,7459829;11316;41;Región Centro Oriente
Cundinamarca;25;San Juan De Rioseco;25662;314,087274;8324;47;Región Centro Oriente
Cundinamarca;25;Sasaima;25718;111,6152536;11104;39;Región Centro Oriente
Cundinamarca;25;Sesquile;25736;141,1477493;12052;41;Región Centro Oriente
Cundinamarca;25;Sibate;25740;122,1326726;35102;28;Región Centro Oriente
Cundinamarca;25;Silvania;25743;162,5745281;22550;34;Región Centro Oriente
Cundinamarca;25;Simijaca;25745;96,7155455;13465;39;Región Centro Oriente
Cundinamarca;25;Soacha;25754;187,4459544;709276;12;Región Centro Oriente
Cundinamarca;25;Sopo;25758;111,0804892;27456;32;Región Centro Oriente
Cundinamarca;25;Subachoque;25769;209,2172915;16183;41;Región Centro Oriente
Cundinamarca;25;Suesca;25772;173,0689862;17902;40;Región Centro Oriente
Cundinamarca;25;Supata;25777;130,3896735;5361;46;Región Centro Oriente
Cundinamarca;25;Susa;25779;104,1545715;6769;40;Región Centro Oriente
Cundinamarca;25;Sutatausa;25781;64,85053814;6169;42;Región Centro Oriente
Cundinamarca;25;Tabio;25785;75,19839528;22983;30;Región Centro Oriente
Cundinamarca;25;Tausa;25793;201,8664163;8354;46;Región Centro Oriente
Cundinamarca;25;Tena;25797;51,43734552;10065;34;Región Centro Oriente
Cundinamarca;25;Tenjo;25799;114,2360738;23052;34;Región Centro Oriente
Cundinamarca;25;Tibacuy;25805;84,75227305;4477;41;Región Centro Oriente
Cundinamarca;25;Tibirita;25807;56,54739447;3207;44;Región Centro Oriente
Cundinamarca;25;Tocaima;25815;245,8345215;16136;40;Región Centro Oriente
Cundinamarca;25;Tocancipa;25817;73,24008721;43020;28;Región Centro Oriente
Cundinamarca;25;Topaipi;25823;143,7107923;4189;48;Región Centro Oriente
Cundinamarca;25;Ubala;25839;522,4586244;7696;46;Región Centro Oriente
Cundinamarca;25;Ubaque;25841;107,0907888;6875;40;Región Centro Oriente
Cundinamarca;25;Villa De San Diego De Ubate;25843;102,2768803;44802;29;Región Centro Oriente
Cundinamarca;25;Une;25845;209,1282686;7144;43;Región Centro Oriente
Cundinamarca;25;utica;25851;92,08432173;4324;43;Región Centro Oriente
Cundinamarca;25;Vergara;25862;144,6507752;6975;43;Región Centro Oriente
Cundinamarca;25;Viani;25867;67,11837694;4497;42;Región Centro Oriente
Cundinamarca;25;Villagomez;25871;62,96892692;1783;47;Región Centro Oriente
Cundinamarca;25;Villapinzon;25873;226,1599387;17796;42;Región Centro Oriente
Cundinamarca;25;Villeta;25875;140,8872261;27986;34;Región Centro Oriente
Cundinamarca;25;Viota;25878;201,3298269;13508;40;Región Centro Oriente
Cundinamarca;25;Yacopi;25885;956,7832746;12367;54;Región Centro Oriente
Cundinamarca;25;Zipacon;25898;54,27038247;4836;38;Región Centro Oriente
Cundinamarca;25;Zipaquira;25899;194,8204343;138654;25;Región Centro Oriente
Chocó;27;Quibdo;27001;3507,122809;130042;47;Región Pacífico
Chocó;27;Acandi;27006;797,6375623;14085;58;Región Pacífico
Chocó;27;Alto Baudo;27025;2050,416714;27982;56;Región Pacífico
Chocó;27;Atrato;27050;421,5666764;6145;53;Región Pacífico
Chocó;27;Bagado;27073;807,4542058;11149;56;Región Pacífico
Chocó;27;Bahia Solano;27075;895,2984709;10207;60;Región Pacífico
Chocó;27;Bajo Baudo;27077;3479,254849;30263;65;Región Pacífico
Chocó;27;Bojaya;27099;3630,654586;12212;69;Región Pacífico
Chocó;27;El Canton Del San Pablo;27135;380,495731;6210;54;Región Pacífico
Chocó;27;Carmen Del Darien;27150;3180,694579;18930;74;Región Pacífico
Chocó;27;Certegui;27160;423,3540674;5705;51;Región Pacífico
Chocó;27;Condoto;27205;467,7174048;12464;50;Región Pacífico
Chocó;27;El Carmen De Atrato;27245;830,180929;8197;53;Región Pacífico
Chocó;27;El Litoral Del San Juan;27250;4134,978955;22242;67;Región Pacífico
Chocó;27;Istmina;27361;1879,966774;30739;57;Región Pacífico
Chocó;27;Jurado;27372;1252,150646;6774;71;Región Pacífico
Chocó;27;Lloro;27413;842,9090489;9850;55;Región Pacífico
Chocó;27;Medio Atrato;27425;1812,932901;10817;56;Región Pacífico
Chocó;27;Medio Baudo;27430;1372,044411;15405;60;Región Pacífico
Chocó;27;Medio San Juan;27450;660,5583617;10718;53;Región Pacífico
Chocó;27;Novita;27491;944,3319481;9116;59;Región Pacífico
Chocó;27;Nuqui;27495;704,0879448;16459;59;Región Pacífico
Chocó;27;Rio Iro;27580;325,1085898;5537;50;Región Pacífico
Chocó;27;Rio Quito;27600;698,956779;8355;57;Región Pacífico
Chocó;27;Riosucio;27615;7607,55093;54458;73;Región Pacífico
Chocó;27;San Jose Del Palmar;27660;1582,209736;5015;66;Región Pacífico
Chocó;27;Sipi;27745;1580,674255;3202;69;Región Pacífico
Chocó;27;Tado;27787;714,8282108;17925;51;Región Pacífico
Chocó;27;Unguia;27800;1190,321196;12821;58;Región Pacífico
Chocó;27;Union Panamericana;27810;177,7598412;6909;47;Región Pacífico
Huila;41;Neiva;41001;1269,827167;361049;32;Región Centro Sur
Huila;41;Acevedo;41006;540,5168745;25046;47;Región Centro Sur
Huila;41;Agrado;41013;273,7316483;8866;50;Región Centro Sur
Huila;41;Aipe;41016;795,630625;16361;50;Región Centro Sur
Huila;41;Algeciras;41020;589,688987;22498;48;Región Centro Sur
Huila;41;Altamira;41026;180,9755636;4323;54;Región Centro Sur
Huila;41;Baraya;41078;786,0020248;8282;57;Región Centro Sur
Huila;41;Campoalegre;41132;462,7993378;31195;43;Región Centro Sur
Huila;41;Colombia;41206;1584,969918;7136;60;Región Centro Sur
Huila;41;Elias;41244;80,4417432;4257;48;Región Centro Sur
Huila;41;Garzon;41298;606,5211714;73292;40;Región Centro Sur
Huila;41;Gigante;41306;503,703102;24634;45;Región Centro Sur
Huila;41;Guadalupe;41319;249,6073387;18104;44;Región Centro Sur
Huila;41;Hobo;41349;194,2333981;7335;49;Región Centro Sur
Huila;41;iquira;41357;356,5154798;9291;50;Región Centro Sur
Huila;41;Isnos;41359;370,6565662;25463;44;Región Centro Sur
Huila;41;La Argentina;41378;356,4211006;13021;49;Región Centro Sur
Huila;41;La Plata;41396;814,6509212;61735;44;Región Centro Sur
Huila;41;Nataga;41483;131,9400305;6520;46;Región Centro Sur
Huila;41;Oporapa;41503;155,8126072;11779;43;Región Centro Sur
Huila;41;Paicol;41518;278,3107608;6655;54;Región Centro Sur
Huila;41;Palermo;41524;884,2663648;26590;49;Región Centro Sur
Huila;41;Palestina;41530;178,2174557;11282;45;Región Centro Sur
Huila;41;Pital;41548;193,6600481;13851;44;Región Centro Sur
Huila;41;Pitalito;41551;630,6659366;126682;37;Región Centro Sur
Huila;41;Rivera;41615;251,2301651;24757;46;Región Centro Sur
Huila;41;Saladoblanco;41660;466,6449087;10502;52;Región Centro Sur
Huila;41;San Agustin;41668;1390,432191;33391;53;Región Centro Sur
Huila;41;Santa Maria;41676;339,3795893;10422;49;Región Centro Sur
Huila;41;Suaza;41770;429,6671738;22342;50;Región Centro Sur
Huila;41;Tarqui;41791;362,8118363;17587;47;Región Centro Sur
Huila;41;Tesalia;41797;367,0253871;10815;52;Región Centro Sur
Huila;41;Tello;41799;530,3993896;11775;51;Región Centro Sur
Huila;41;Teruel;41801;471,7343537;8064;55;Región Centro Sur
Huila;41;Timana;41807;185,7270854;21921;40;Región Centro Sur
Huila;41;Villavieja;41872;543,9269215;7247;55;Región Centro Sur
Huila;41;Yaguara;41885;332,9153765;7774;51;Región Centro Sur
La Guajira;44;Riohacha;44001;3088,710922;195747;44;Región Caribe
La Guajira;44;Albania;44035;546,0265525;30848;48;Región Caribe
La Guajira;44;Barrancas;44078;800,9417648;37170;49;Región Caribe
La Guajira;44;Dibulla;44090;1749,978069;40051;55;Región Caribe
La Guajira;44;Distraccion;44098;231,8728413;13706;45;Región Caribe
La Guajira;44;El Molino;44110;242,1848146;7574;49;Región Caribe
La Guajira;44;Fonseca;44279;473,5224162;43728;45;Región Caribe
La Guajira;44;Hatonuevo;44378;214,6399172;21151;43;Región Caribe
La Guajira;44;La Jagua Del Pilar;44420;179,5907965;3686;54;Región Caribe
La Guajira;44;Maicao;44430;1768,719812;178832;44;Región Caribe
La Guajira;44;Manaure;44560;1619,655457;88881;48;Región Caribe
La Guajira;44;San Juan Del Cesar;44650;1313,688361;48387;50;Región Caribe
La Guajira;44;Uribia;44847;7886,058077;177815;57;Región Caribe
La Guajira;44;Urumita;44855;246,2746095;11114;45;Región Caribe
La Guajira;44;Villanueva;44874;260,0959366;28816;41;Región Caribe
Magdalena;47;Santa Marta;47001;2347,139289;521239;33;Región Caribe
Magdalena;47;Algarrobo;47030;406,3883775;16194;49;Región Caribe
Magdalena;47;Aracataca;47053;1740,838478;40726;50;Región Caribe
Magdalena;47;Ariguani;47058;1131,744238;31077;50;Región Caribe
Magdalena;47;Cerro De San Antonio;47161;177,1961316;9885;44;Región Caribe
Magdalena;47;Chivolo;47170;536,5437406;22715;49;Región Caribe
Magdalena;47;Cienaga;47189;1324,777269;122285;39;Región Caribe
Magdalena;47;Concordia;47205;109,483706;10908;40;Región Caribe
Magdalena;47;El Banco;47245;814,8733309;67811;45;Región Caribe
Magdalena;47;El Piñon;47258;557,1423771;23400;48;Región Caribe
Magdalena;47;El Reten;47268;262,1822769;20455;40;Región Caribe
Magdalena;47;Fundacion;47288;971,901235;68681;42;Región Caribe
Magdalena;47;Guamal;47318;564,4924171;27345;47;Región Caribe
Magdalena;47;Nueva Granada;47460;842,0509564;20485;53;Región Caribe
Magdalena;47;Pedraza;47541;325,4799447;9225;50;Región Caribe
Magdalena;47;Pijiño Del Carmen;47545;661,564154;12548;52;Región Caribe
Magdalena;47;Pivijay;47551;1640,444454;38203;50;Región Caribe
Magdalena;47;Plato;47555;1457,338277;63026;48;Región Caribe
Magdalena;47;Puebloviejo;47570;675,4686403;31151;45;Región Caribe
Magdalena;47;Remolino;47605;594,9312005;11702;52;Región Caribe
Magdalena;47;Sabanas De San angel;47660;1238,967174;16247;56;Región Caribe
Magdalena;47;Salamina;47675;170,4786412;11043;43;Región Caribe
Magdalena;47;San Sebastian De Buenavista;47692;437,6455684;20171;48;Región Caribe
Magdalena;47;San Zenon;47703;268,8830035;12104;49;Región Caribe
Magdalena;47;Santa Ana;47707;1120,437342;25750;52;Región Caribe
Magdalena;47;Santa Barbara De Pinto;47720;494,7041928;10977;51;Región Caribe
Magdalena;47;Sitionuevo;47745;970,9046452;28254;47;Región Caribe
Magdalena;47;Tenerife;47798;492,1992574;13354;50;Región Caribe
Magdalena;47;Zapayan;47960;353,276259;10293;50;Región Caribe
Magdalena;47;Zona Bananera;47980;446,462118;71578;35;Región Caribe
Meta;50;Villavicencio;50001;1285,879354;538824;30;Región Llano
Meta;50;Acacias;50006;1123,737929;90124;43;Región Llano
Meta;50;Barranca De Upia;50110;403,8188631;6513;60;Región Llano
Meta;50;Cabuyaro;50124;913,6625093;6130;65;Región Llano
Meta;50;Castilla La Nueva;50150;514,6859666;15186;54;Región Llano
Meta;50;Cubarral;50223;1157,865246;7019;62;Región Llano
Meta;50;Cumaral;50226;625,0924459;23014;49;Región Llano
Meta;50;El Calvario;50245;277,8516476;1696;56;Región Llano
Meta;50;El Castillo;50251;568,2180556;7619;55;Región Llano
Meta;50;El Dorado;50270;117,3410834;3932;48;Región Llano
Meta;50;Fuente De Oro;50287;570,9912177;12266;53;Región Llano
Meta;50;Granada;50313;348,3117876;69770;36;Región Llano
Meta;50;Guamal;50318;595,7039183;14298;52;Región Llano
Meta;50;Mapiripan;50325;11949,0284;7086;78;Región Llano
Meta;50;Mesetas;50330;2280,62999;10706;64;Región Llano
Meta;50;La Macarena;50350;10839,33393;27534;72;Región Llano
Meta;50;Uribe;50370;6437,208689;9388;71;Región Llano
Meta;50;Lejanias;50400;815,4263346;11256;56;Región Llano
Meta;50;Puerto Concordia;50450;1242,935517;8484;59;Región Llano
Meta;50;Puerto Gaitan;50568;17250,08317;42677;78;Región Llano
Meta;50;Puerto Lopez;50573;6913,346576;30301;65;Región Llano
Meta;50;Puerto Lleras;50577;2535,77421;10359;66;Región Llano
Meta;50;Puerto Rico;50590;3428,13357;12918;65;Región Llano
Meta;50;Restrepo;50606;365,11661;18474;48;Región Llano
Meta;50;San Carlos De Guaroa;50680;807,794797;12598;59;Región Llano
Meta;50;San Juan De Arama;50683;1169,1046;8948;60;Región Llano
Meta;50;San Juanito;50686;237,3508522;1266;57;Región Llano
Meta;50;San Martin;50689;5933,652355;26571;67;Región Llano
Meta;50;Vistahermosa;50711;4819,210108;17168;66;Región Llano
Nariño;52;Pasto;52001;1099,411434;392748;32;Región Pacífico
Nariño;52;Alban;52019;38,61008739;9443;30;Región Pacífico
Nariño;52;Aldana;52022;47,64054844;7375;40;Región Pacífico
Nariño;52;Ancuya;52036;68,90636196;8678;40;Región Pacífico
Nariño;52;Arboleda;52051;60,18576464;8431;40;Región Pacífico
Nariño;52;Barbacoas;52079;2732,933276;56195;60;Región Pacífico
Nariño;52;Belen;52083;41,84540565;6311;39;Región Pacífico
Nariño;52;Buesaco;52110;635,9608327;23909;48;Región Pacífico
Nariño;52;Colon;52203;61,75052927;8403;38;Región Pacífico
Nariño;52;Consaca;52207;119,3536359;13761;43;Región Pacífico
Nariño;52;Contadero;52210;43,20904594;7252;39;Región Pacífico
Nariño;52;Cordoba;52215;304,6344614;15496;49;Región Pacífico
Nariño;52;Cuaspud Carlosama;52224;57,11859178;9199;40;Región Pacífico
Nariño;52;Cumbal;52227;915,3276415;36975;52;Región Pacífico
Nariño;52;Cumbitara;52233;355,166977;5843;51;Región Pacífico
Nariño;52;Chachagüi;52240;146,2717611;15328;43;Región Pacífico
Nariño;52;El Charco;52250;2490,669325;22528;60;Región Pacífico
Nariño;52;El Peñol;52254;119,8574443;7443;46;Región Pacífico
Nariño;52;El Rosario;52256;520,2915503;12169;54;Región Pacífico
Nariño;52;El Tablon De Gomez;52258;306,9026105;14296;48;Región Pacífico
Nariño;52;El Tambo;52260;247,3527344;13986;46;Región Pacífico
Nariño;52;Funes;52287;394,7623566;7168;55;Región Pacífico
Nariño;52;Guachucal;52317;155,6668965;19387;42;Región Pacífico
Nariño;52;Guaitarilla;52320;116,7397824;11422;41;Región Pacífico
Nariño;52;Gualmatan;52323;29,96186568;7049;37;Región Pacífico
Nariño;52;Iles;52352;80,53153841;7646;42;Región Pacífico
Nariño;52;Imues;52354;81,72986498;7530;43;Región Pacífico
Nariño;52;Ipiales;52356;1571,751755;115992;45;Región Pacífico
Nariño;52;La Cruz;52378;238,8463192;18697;44;Región Pacífico
Nariño;52;La Florida;52381;136,3129203;9985;43;Región Pacífico
Nariño;52;La Llanada;52385;244,9982839;6481;53;Región Pacífico
Nariño;52;La Tola;52390;415,9090478;7441;54;Región Pacífico
Nariño;52;La Union;52399;142,1523773;31803;37;Región Pacífico
Nariño;52;Leiva;52405;310,4204458;9653;49;Región Pacífico
Nariño;52;Linares;52411;135,6634468;10098;43;Región Pacífico
Nariño;52;Los Andes;52418;956,8695381;9376;56;Región Pacífico
Nariño;52;Magüi;52427;1808,095799;25214;61;Región Pacífico
Nariño;52;Mallama;52435;569,0454535;8960;57;Región Pacífico
Nariño;52;Mosquera;52473;768,0522291;12283;57;Región Pacífico
Nariño;52;Nariño;52480;25,3128147;4355;43;Región Pacífico
Nariño;52;Olaya Herrera;52490;1003,117446;25282;52;Región Pacífico
Nariño;52;Ospina;52506;64,8432117;7039;41;Región Pacífico
Nariño;52;Francisco Pizarro;52520;525,1840159;14176;55;Región Pacífico
Nariño;52;Policarpa;52540;434,3413094;9827;51;Región Pacífico
Nariño;52;Potosi;52560;388,2995576;10197;50;Región Pacífico
Nariño;52;Providencia;52565;39,94762088;5562;35;Región Pacífico
Nariño;52;Puerres;52573;350,1439761;8450;53;Región Pacífico
Nariño;52;Pupiales;52585;129,6597984;17334;40;Región Pacífico
Nariño;52;Ricaurte;52612;1055,732781;19885;58;Región Pacífico
Nariño;52;Roberto Payan;52621;1457,715943;12681;59;Región Pacífico
Nariño;52;Samaniego;52678;605,0439449;28380;44;Región Pacífico
Nariño;52;Sandona;52683;101,6125143;20184;35;Región Pacífico
Nariño;52;San Bernardo;52685;65,16451439;9186;35;Región Pacífico
Nariño;52;San Lorenzo;52687;249,1435892;18435;44;Región Pacífico
Nariño;52;San Pablo;52693;111,8596439;15034;38;Región Pacífico
Nariño;52;San Pedro De Cartago;52694;55,64727657;6831;40;Región Pacífico
Nariño;52;Santa Barbara;52696;1224,575606;13331;58;Región Pacífico
Nariño;52;Santacruz;52699;540,6326139;10939;50;Región Pacífico
Nariño;52;Sapuyes;52720;115,5485107;7277;46;Región Pacífico
Nariño;52;Taminango;52786;234,657835;17866;44;Región Pacífico
Nariño;52;Tangua;52788;217,9597661;13397;47;Región Pacífico
Nariño;52;San Andres De Tumaco;52835;3611,510833;255783;30;Región Pacífico
Nariño;52;Tuquerres;52838;216,2723493;44650;37;Región Pacífico
Nariño;52;Yacuanquer;52885;102,7351562;10946;42;Región Pacífico
Norte De Santander;54;San Jose De Cucuta;54001;1133,525946;749197;29;Región Centro Oriente
Norte De Santander;54;abrego;54003;1382,449756;33003;52;Región Centro Oriente
Norte De Santander;54;Arboledas;54051;456,1489886;9860;53;Región Centro Oriente
Norte De Santander;54;Bochalema;54099;170,2670443;8529;48;Región Centro Oriente
Norte De Santander;54;Bucarasica;54109;270,7908591;6472;55;Región Centro Oriente
Norte De Santander;54;Cacota;54125;138,9221902;2855;53;Región Centro Oriente
Norte De Santander;54;Cachira;54128;615,8199047;11096;54;Región Centro Oriente
Norte De Santander;54;Chinacota;54172;166,2541388;18176;42;Región Centro Oriente
Norte De Santander;54;Chitaga;54174;1185,178041;12042;59;Región Centro Oriente
Norte De Santander;54;Convencion;54206;931,9213559;19131;55;Región Centro Oriente
Norte De Santander;54;Cucutilla;54223;374,9105455;8307;52;Región Centro Oriente
Norte De Santander;54;Durania;54239;175,0128162;4693;52;Región Centro Oriente
Norte De Santander;54;El Carmen;54245;1727,742958;13648;60;Región Centro Oriente
Norte De Santander;54;El Tarra;54250;704,1002866;21145;57;Región Centro Oriente
Norte De Santander;54;El Zulia;54261;505,3040973;28240;48;Región Centro Oriente
Norte De Santander;54;Gramalote;54313;149,0239078;7524;48;Región Centro Oriente
Norte De Santander;54;Hacari;54344;419,0049342;10342;53;Región Centro Oriente
Norte De Santander;54;Herran;54347;106,9580248;7087;48;Región Centro Oriente
Norte De Santander;54;Labateca;54377;256,0397861;6443;52;Región Centro Oriente
Norte De Santander;54;La Esperanza;54385;669,8994397;11941;54;Región Centro Oriente
Norte De Santander;54;La Playa;54398;242,2146673;7821;50;Región Centro Oriente
Norte De Santander;54;Los Patios;54405;127,5881331;93754;28;Región Centro Oriente
Norte De Santander;54;Lourdes;54418;86,58733641;4091;48;Región Centro Oriente
Norte De Santander;54;Mutiscua;54480;158,8096749;4373;51;Región Centro Oriente
Norte De Santander;54;Ocaña;54498;522,5999579;124603;36;Región Centro Oriente
Norte De Santander;54;Pamplona;54518;298,2940905;52240;36;Región Centro Oriente
Norte De Santander;54;Pamplonita;54520;170,9308944;5628;50;Región Centro Oriente
Norte De Santander;54;Puerto Santander;54553;44,94540103;8938;37;Región Centro Oriente
Norte De Santander;54;Ragonvalia;54599;97,72577789;6149;44;Región Centro Oriente
Norte De Santander;54;Salazar;54660;493,9100895;10501;54;Región Centro Oriente
Norte De Santander;54;San Calixto;54670;398,0219526;12127;51;Región Centro Oriente
Norte De Santander;54;San Cayetano;54673;139,2816488;7442;49;Región Centro Oriente
Norte De Santander;54;Santiago;54680;172,5381884;3537;56;Región Centro Oriente
Norte De Santander;54;Sardinata;54720;1467,70683;26100;56;Región Centro Oriente
Norte De Santander;54;Silos;54743;316,8554077;6380;54;Región Centro Oriente
Norte De Santander;54;Teorama;54800;927,0539563;17040;55;Región Centro Oriente
Norte De Santander;54;Tibu;54810;2680,072915;56510;58;Región Centro Oriente
Norte De Santander;54;Toledo;54820;1480,665029;15937;58;Región Centro Oriente
Norte De Santander;54;Villa Caro;54871;401,0584517;5172;57;Región Centro Oriente
Norte De Santander;54;Villa Del Rosario;54874;90,61902907;107288;25;Región Centro Oriente
Quindío;63;Armenia;63001;121,6174162;300194;13;Región Eje Cafetero 
Quindío;63;Buenavista;63111;38,45809947;3107;39;Región Eje Cafetero 
Quindío;63;Calarca;63130;220,8362899;73872;28;Región Eje Cafetero 
Quindío;63;Circasia;63190;90,32288746;28631;29;Región Eje Cafetero 
Quindío;63;Cordoba;63212;92,97624817;5687;42;Región Eje Cafetero 
Quindío;63;Filandia;63272;106,5620098;12154;35;Región Eje Cafetero 
Quindío;63;Genova;63302;294,9377186;7455;46;Región Eje Cafetero 
Quindío;63;La Tebaida;63401;89,37974557;34172;27;Región Eje Cafetero 
Quindío;63;Montenegro;63470;149,0575123;37127;30;Región Eje Cafetero 
Quindío;63;Pijao;63548;248,5826167;5146;48;Región Eje Cafetero 
Quindío;63;Quimbaya;63594;133,520354;30911;30;Región Eje Cafetero 
Quindío;63;Salento;63690;347,3199486;9399;49;Región Eje Cafetero 
Risaralda;66;Pereira;66001;608,1659906;472406;21;Región Eje Cafetero 
Risaralda;66;Apia;66045;149,9805114;12276;37;Región Eje Cafetero 
Risaralda;66;Balboa;66075;119,4859849;6348;43;Región Eje Cafetero 
Risaralda;66;Belen De Umbria;66088;180,6004387;24660;34;Región Eje Cafetero 
Risaralda;66;Dosquebradas;66170;70,12886684;220771;12;Región Eje Cafetero 
Risaralda;66;Guatica;66318;100,8206391;12108;34;Región Eje Cafetero 
Risaralda;66;La Celia;66383;92,47366148;7448;39;Región Eje Cafetero 
Risaralda;66;La Virginia;66400;32,80121313;27916;20;Región Eje Cafetero 
Risaralda;66;Marsella;66440;149,3191374;16782;34;Región Eje Cafetero 
Risaralda;66;Mistrato;66456;564,7434802;17110;49;Región Eje Cafetero 
Risaralda;66;Pueblo Rico;66572;613,7678132;16309;51;Región Eje Cafetero 
Risaralda;66;Quinchia;66594;140,1300619;27235;32;Región Eje Cafetero 
Risaralda;66;Santa Rosa De Cabal;66682;543,4926296;78636;35;Región Eje Cafetero 
Risaralda;66;Santuario;66687;190,8640237;12506;40;Región Eje Cafetero 
Santander;68;Bucaramanga;68001;152,9156861;595635;11;Región Centro Oriente
Santander;68;Aguada;68013;75,23124792;1858;48;Región Centro Oriente
Santander;68;Albania;68020;166,216966;4242;51;Región Centro Oriente
Santander;68;Aratoca;68051;169,7915518;8368;45;Región Centro Oriente
Santander;68;Barbosa;68077;46,66488698;31940;27;Región Centro Oriente
Santander;68;Barichara;68079;137,2758117;10674;44;Región Centro Oriente
Santander;68;Barrancabermeja;68081;1326,838302;207494;36;Región Centro Oriente
Santander;68;Betulia;68092;431,2487087;6003;55;Región Centro Oriente
Santander;68;Bolivar;68101;1010,125861;11073;56;Región Centro Oriente
Santander;68;Cabrera;68121;65,57430937;1983;49;Región Centro Oriente
Santander;68;California;68132;45,01345975;2186;47;Región Centro Oriente
Santander;68;Capitanejo;68147;85,28406397;5479;42;Región Centro Oriente
Santander;68;Carcasi;68152;258,9461516;4263;53;Región Centro Oriente
Santander;68;Cepita;68160;107,967109;2018;52;Región Centro Oriente
Santander;68;Cerrito;68162;421,0814425;6838;55;Región Centro Oriente
Santander;68;Charala;68167;419,2313506;12256;50;Región Centro Oriente
Santander;68;Charta;68169;126,7062504;2883;50;Región Centro Oriente
Santander;68;Chima;68176;173,2190221;2865;53;Región Centro Oriente
Santander;68;Chipata;68179;94,93681903;5084;45;Región Centro Oriente
Santander;68;Cimitarra;68190;3174,288539;33750;58;Región Centro Oriente
Santander;68;Concepcion;68207;337,1199181;5738;54;Región Centro Oriente
Santander;68;Confines;68209;71,42170043;3233;48;Región Centro Oriente
Santander;68;Contratacion;68211;137,1720765;3683;50;Región Centro Oriente
Santander;68;Coromoro;68217;577,495746;5009;56;Región Centro Oriente
Santander;68;Curiti;68229;244,222737;13028;46;Región Centro Oriente
Santander;68;El Carmen De Chucuri;68235;924,0326235;21415;52;Región Centro Oriente
Santander;68;El Guacamayo;68245;92,96763011;2119;52;Región Centro Oriente
Santander;68;El Peñon;68250;398,2177466;5405;56;Región Centro Oriente
Santander;68;El Playon;68255;454,9819209;13882;49;Región Centro Oriente
Santander;68;Encino;68264;400,4326914;2567;61;Región Centro Oriente
Santander;68;Enciso;68266;74,81603233;3444;45;Región Centro Oriente
Santander;68;Florian;68271;176,5996551;5569;49;Región Centro Oriente
Santander;68;Floridablanca;68276;100,3277391;300730;14;Región Centro Oriente
Santander;68;Galan;68296;201,7315756;2883;54;Región Centro Oriente
Santander;68;Gambita;68298;608,2330662;4008;59;Región Centro Oriente
Santander;68;Giron;68307;493,0298875;166843;31;Región Centro Oriente
Santander;68;Guaca;68318;302,3982638;5900;51;Región Centro Oriente
Santander;68;Guadalupe;68320;146,3307094;4473;48;Región Centro Oriente
Santander;68;Guapota;68322;67,30036397;2394;49;Región Centro Oriente
Santander;68;Guavata;68324;83,79545511;4200;45;Región Centro Oriente
Santander;68;Güepsa;68327;30,15674861;5222;38;Región Centro Oriente
Santander;68;Hato;68344;169,0175723;2349;55;Región Centro Oriente
Santander;68;Jesus Maria;68368;89,59308517;3337;50;Región Centro Oriente
Santander;68;Jordan;68370;39,89917751;1325;49;Región Centro Oriente
Santander;68;La Belleza;68377;335,2015817;6174;52;Región Centro Oriente
Santander;68;Landazuri;68385;590,2163864;10482;51;Región Centro Oriente
Santander;68;La Paz;68397;284,3469721;4921;52;Región Centro Oriente
Santander;68;Lebrija;68406;550,4332373;43145;43;Región Centro Oriente
Santander;68;Los Santos;68418;290,1251884;14485;47;Región Centro Oriente
Santander;68;Macaravita;68425;102,9175082;2125;51;Región Centro Oriente
Santander;68;Malaga;68432;57,18169557;21339;31;Región Centro Oriente
Santander;68;Matanza;68444;235,7485679;4999;44;Región Centro Oriente
Santander;68;Mogotes;68464;483,9701273;10576;51;Región Centro Oriente
Santander;68;Molagavita;68468;180,471702;4105;49;Región Centro Oriente
Santander;68;Ocamonte;68498;75,22127909;5740;43;Región Centro Oriente
Santander;68;Oiba;68500;286,0667477;11004;47;Región Centro Oriente
Santander;68;Onzaga;68502;489,2284369;4111;57;Región Centro Oriente
Santander;68;Palmar;68522;19,69444169;1386;37;Región Centro Oriente
Santander;68;Palmas Del Socorro;68524;58,54111972;2584;47;Región Centro Oriente
Santander;68;Paramo;68533;72,9811189;4773;45;Región Centro Oriente
Santander;68;Piedecuesta;68547;484,5723092;177586;32;Región Centro Oriente
Santander;68;Pinchote;68549;55,53541904;5285;42;Región Centro Oriente
Santander;68;Puente Nacional;68572;251,6785482;14740;45;Región Centro Oriente
Santander;68;Puerto Parra;68573;762,3446007;7846;59;Región Centro Oriente
Santander;68;Puerto Wilches;68575;1507,986246;33572;53;Región Centro Oriente
Santander;68;Rionegro;68615;1168,432223;26746;51;Región Centro Oriente
Santander;68;Sabana De Torres;68655;1402,870009;33887;55;Región Centro Oriente
Santander;68;San Andres;68669;281,5588552;8613;48;Región Centro Oriente
Santander;68;San Benito;68673;59,11302218;2957;43;Región Centro Oriente
Santander;68;San Gil;68679;146,8772741;58032;31;Región Centro Oriente
Santander;68;San Joaquin;68682;143,133427;2215;53;Región Centro Oriente
Santander;68;San Jose De Miranda;68684;75,30374323;4313;44;Región Centro Oriente
Santander;68;San Miguel;68686;71,21134788;2494;48;Región Centro Oriente
Santander;68;San Vicente De Chucuri;68689;1116,360605;33414;49;Región Centro Oriente
Santander;68;Santa Barbara;68705;221,2170944;2425;55;Región Centro Oriente
Santander;68;Santa Helena Del Opon;68720;373,8572625;3393;57;Región Centro Oriente
Santander;68;Simacota;68745;904,7129549;10138;58;Región Centro Oriente
Santander;68;Socorro;68755;127,8258349;32965;34;Región Centro Oriente
Santander;68;Suaita;68770;285,195534;10086;48;Región Centro Oriente
Santander;68;Sucre;68773;522,5392008;7103;54;Región Centro Oriente
Santander;68;Surata;68780;363,0087743;3977;58;Región Centro Oriente
Santander;68;Tona;68820;330,7262837;7562;52;Región Centro Oriente
Santander;68;Valle De San Jose;68855;81,11493889;6222;43;Región Centro Oriente
Santander;68;Velez;68861;447,6767281;24843;47;Región Centro Oriente
Santander;68;Vetas;68867;92,42238639;2142;50;Región Centro Oriente
Santander;68;Villanueva;68872;97,60691327;7927;42;Región Centro Oriente
Santander;68;Zapatoca;68895;364,4185511;9507;49;Región Centro Oriente
Sucre;70;Sincelejo;70001;279,9729454;286635;23;Región Caribe
Sucre;70;Buenavista;70110;146,4980959;10727;42;Región Caribe
Sucre;70;Caimito;70124;412,4698071;15668;51;Región Caribe
Sucre;70;Coloso;70204;131,1626924;8670;45;Región Caribe
Sucre;70;Corozal;70215;285,8944607;69268;34;Región Caribe
Sucre;70;Coveñas;70221;56,55515347;18892;33;Región Caribe
Sucre;70;Chalan;70230;83,71001483;4537;45;Región Caribe
Sucre;70;El Roble;70233;198,434402;10215;46;Región Caribe
Sucre;70;Galeras;70235;321,856426;22673;44;Región Caribe
Sucre;70;Guaranda;70265;361,8676371;18198;48;Región Caribe
Sucre;70;La Union;70400;232,3503947;12701;47;Región Caribe
Sucre;70;Los Palmitos;70418;198,8844424;23420;40;Región Caribe
Sucre;70;Majagual;70429;845,158612;37564;50;Región Caribe
Sucre;70;Morroa;70473;170,014897;15495;42;Región Caribe
Sucre;70;Ovejas;70508;460,048362;23148;45;Región Caribe
Sucre;70;Palmito;70523;174,5701954;14635;43;Región Caribe
Sucre;70;Sampues;70670;213,9377007;47746;35;Región Caribe
Sucre;70;San Benito Abad;70678;1494,162956;29282;55;Región Caribe
Sucre;70;San Juan De Betulia;70702;168,1755724;13892;42;Región Caribe
Sucre;70;San Marcos;70708;970,3548121;59254;46;Región Caribe
Sucre;70;San Onofre;70713;1035,078993;50423;45;Región Caribe
Sucre;70;San Pedro;70717;212,9948174;18920;41;Región Caribe
Sucre;70;San Luis De Since;70742;418,9797698;31365;43;Región Caribe
Sucre;70;Sucre;70771;1131,180193;30253;53;Región Caribe
Sucre;70;Santiago De Tolu;70820;302,5166919;33553;40;Región Caribe
Sucre;70;San Jose De Toluviejo;70823;285,0158913;21850;42;Región Caribe
Tolima;73;Ibague;73001;1377,251377;536087;27;Región Centro Sur
Tolima;73;Alpujarra;73024;501,5113202;4493;57;Región Centro Sur
Tolima;73;Alvarado;73026;344,3355926;8710;48;Región Centro Sur
Tolima;73;Ambalema;73030;238,0448379;6596;47;Región Centro Sur
Tolima;73;Anzoategui;73043;469,7113254;10110;46;Región Centro Sur
Tolima;73;Armero;73055;440,6308436;12335;48;Región Centro Sur
Tolima;73;Ataco;73067;1017,644437;19195;51;Región Centro Sur
Tolima;73;Cajamarca;73124;508,4909108;18443;45;Región Centro Sur
Tolima;73;Carmen De Apicala;73148;190,8361306;10306;45;Región Centro Sur
Tolima;73;Casabianca;73152;175,2961792;6326;45;Región Centro Sur
Tolima;73;Chaparral;73168;2102,063236;50565;50;Región Centro Sur
Tolima;73;Coello;73200;343,5981061;8286;48;Región Centro Sur
Tolima;73;Coyaima;73217;669,055687;22610;46;Región Centro Sur
Tolima;73;Cunday;73226;507,5152826;8518;51;Región Centro Sur
Tolima;73;Dolores;73236;651,9503995;8250;54;Región Centro Sur
Tolima;73;Espinal;73268;216,4989458;70769;28;Región Centro Sur
Tolima;73;Falan;73270;181,3222134;7494;44;Región Centro Sur
Tolima;73;Flandes;73275;96,79717451;28510;30;Región Centro Sur
Tolima;73;Fresno;73283;219,6614792;31124;36;Región Centro Sur
Tolima;73;Guamo;73319;505,7438271;32826;41;Región Centro Sur
Tolima;73;Herveo;73347;322,7434335;7266;48;Región Centro Sur
Tolima;73;Honda;73349;304,8869123;24585;40;Región Centro Sur
Tolima;73;Icononzo;73352;215,1818551;11891;42;Región Centro Sur
Tolima;73;Lerida;73408;271,9544764;18598;41;Región Centro Sur
Tolima;73;Libano;73411;282,3726119;36432;35;Región Centro Sur
Tolima;73;San Sebastian De Mariquita;73443;293,3431542;38084;38;Región Centro Sur
Tolima;73;Melgar;73449;202,160428;37191;34;Región Centro Sur
Tolima;73;Murillo;73461;423,9321767;4129;54;Región Centro Sur
Tolima;73;Natagaima;73483;859,8300248;14722;50;Región Centro Sur
Tolima;73;Ortega;73504;953,8043246;34453;47;Región Centro Sur
Tolima;73;Palocabildo;73520;65,01112946;9773;36;Región Centro Sur
Tolima;73;Piedras;73547;354,4253202;6737;53;Región Centro Sur
Tolima;73;Planadas;73555;1754,101831;25785;53;Región Centro Sur
Tolima;73;Prado;73563;423,0130028;8443;51;Región Centro Sur
Tolima;73;Purificacion;73585;402,2048078;23527;42;Región Centro Sur
Tolima;73;Rioblanco;73616;2046,233792;22660;54;Región Centro Sur
Tolima;73;Roncesvalles;73622;775,8495286;5467;58;Región Centro Sur
Tolima;73;Rovira;73624;739,4761953;21556;48;Región Centro Sur
Tolima;73;Saldaña;73671;193,2267806;14450;41;Región Centro Sur
Tolima;73;San Antonio;73675;383,4069699;12691;46;Región Centro Sur
Tolima;73;San Luis;73678;412,2262269;13481;44;Región Centro Sur
Tolima;73;Santa Isabel;73686;270,1866407;5710;49;Región Centro Sur
Tolima;73;Suarez;73770;190,0781867;3788;49;Región Centro Sur
Tolima;73;Valle De San Juan;73854;197,8464077;5353;47;Región Centro Sur
Tolima;73;Venadillo;73861;334,632757;12751;43;Región Centro Sur
Tolima;73;Villahermosa;73870;278,8499413;9216;45;Región Centro Sur
Tolima;73;Villarrica;73873;430,4630123;5021;54;Región Centro Sur
Valle Del Cauca;76;Cali;76001;563,0409197;2241491;10;Región Pacífico
Valle Del Cauca;76;Alcala;76020;62,35754539;14189;29;Región Pacífico
Valle Del Cauca;76;Andalucia;76036;110,4604179;22515;34;Región Pacífico
Valle Del Cauca;76;Ansermanuevo;76041;305,4511384;17348;41;Región Pacífico
Valle Del Cauca;76;Argelia;76054;90,79604368;5258;41;Región Pacífico
Valle Del Cauca;76;Bolivar;76100;743,5720725;15828;50;Región Pacífico
Valle Del Cauca;76;Buenaventura;76109;6292,410256;310194;44;Región Pacífico
Valle Del Cauca;76;Guadalajara De Buga;76111;825,8772487;128316;34;Región Pacífico
Valle Del Cauca;76;Bugalagrande;76113;396,7813234;24400;43;Región Pacífico
Valle Del Cauca;76;Caicedonia;76122;166,9836866;28609;33;Región Pacífico
Valle Del Cauca;76;Calima;76126;793,4979818;18171;51;Región Pacífico
Valle Del Cauca;76;Candelaria;76130;296,473035;93183;31;Región Pacífico
Valle Del Cauca;76;Cartago;76147;248,2239721;136596;25;Región Pacífico
Valle Del Cauca;76;Dagua;76233;916,3247957;48758;46;Región Pacífico
Valle Del Cauca;76;El aguila;76243;187,8131356;8696;42;Región Pacífico
Valle Del Cauca;76;El Cairo;76246;214,2033552;6637;45;Región Pacífico
Valle Del Cauca;76;El Cerrito;76248;441,8885829;56835;36;Región Pacífico
Valle Del Cauca;76;El Dovio;76250;235,4101174;8711;44;Región Pacífico
Valle Del Cauca;76;Florida;76275;401,5502114;57696;36;Región Pacífico
Valle Del Cauca;76;Ginebra;76306;268,7327231;22908;40;Región Pacífico
Valle Del Cauca;76;Guacari;76318;162,4990753;33405;32;Región Pacífico
Valle Del Cauca;76;Jamundi;76364;628,9643411;164159;36;Región Pacífico
Valle Del Cauca;76;La Cumbre;76377;255,4148942;16422;45;Región Pacífico
Valle Del Cauca;76;La Union;76400;120,874949;34244;30;Región Pacífico
Valle Del Cauca;76;La Victoria;76403;264,6977985;11981;42;Región Pacífico
Valle Del Cauca;76;Obando;76497;214,6770271;12140;40;Región Pacífico
Valle Del Cauca;76;Palmira;76520;1005,15344;352016;29;Región Pacífico
Valle Del Cauca;76;Pradera;76563;356,7310614;47918;35;Región Pacífico
Valle Del Cauca;76;Restrepo;76606;136,2320178;15295;37;Región Pacífico
Valle Del Cauca;76;Riofrio;76616;308,0877961;15483;42;Región Pacífico
Valle Del Cauca;76;Roldanillo;76622;235,7266515;36767;35;Región Pacífico
Valle Del Cauca;76;San Pedro;76670;202,1286046;17082;39;Región Pacífico
Valle Del Cauca;76;Sevilla;76736;537,1839928;41503;39;Región Pacífico
Valle Del Cauca;76;Toro;76823;175,7636534;14467;39;Región Pacífico
Valle Del Cauca;76;Trujillo;76828;307,6420937;19073;43;Región Pacífico
Valle Del Cauca;76;Tulua;76834;909,3589722;215978;32;Región Pacífico
Valle Del Cauca;76;Ulloa;76845;41,86087745;5412;35;Región Pacífico
Valle Del Cauca;76;Versalles;76863;200,5972596;7070;46;Región Pacífico
Valle Del Cauca;76;Vijes;76869;113,7739448;12817;39;Región Pacífico
Valle Del Cauca;76;Yotoco;76890;327,8005457;16117;43;Región Pacífico
Valle Del Cauca;76;Yumbo;76892;230,589699;108889;27;Región Pacífico
Valle Del Cauca;76;Zarzal;76895;367,9372673;42191;36;Región Pacífico
Arauca;81;Arauca;81001;5787,998752;91875;60;Región Llano
Arauca;81;Arauquita;81065;3046,788011;53407;59;Región Llano
Arauca;81;Cravo Norte;81220;5212,569096;4042;83;Región Llano
Arauca;81;Fortul;81300;1158,596103;19659;55;Región Llano
Arauca;81;Puerto Rondon;81591;2281,460252;4688;75;Región Llano
Arauca;81;Saravena;81736;945,136071;59697;48;Región Llano
Arauca;81;Tame;81794;5418,70889;46741;61;Región Llano
Casanare;85;Yopal;85001;2482,938635;173610;48;Región Llano
Casanare;85;Aguazul;85010;1442,507307;37513;53;Región Llano
Casanare;85;Chameza;85015;313,5325391;2571;63;Región Llano
Casanare;85;Hato Corozal;85125;5509,712459;12203;74;Región Llano
Casanare;85;La Salina;85136;199,8942773;1385;62;Región Llano
Casanare;85;Mani;85139;3754,548524;17359;69;Región Llano
Casanare;85;Monterrey;85162;779,172474;17797;54;Región Llano
Casanare;85;Nunchia;85225;1101,813203;8738;62;Región Llano
Casanare;85;Orocue;85230;4753,484118;12514;74;Región Llano
Casanare;85;Paz De Ariporo;85250;12115,04222;36861;73;Región Llano
Casanare;85;Pore;85263;780,4712035;12001;60;Región Llano
Casanare;85;Recetor;85279;181,226755;1718;56;Región Llano
Casanare;85;Sabanalarga;85300;400,9420583;3583;59;Región Llano
Casanare;85;Sacama;85315;312,236927;2073;64;Región Llano
Casanare;85;San Luis De Palenque;85325;2989,695297;8378;71;Región Llano
Casanare;85;Tamara;85400;1091,231261;6671;62;Región Llano
Casanare;85;Tauramena;85410;2381,673392;24445;61;Región Llano
Casanare;85;Trinidad;85430;2970,227695;13350;68;Región Llano
Casanare;85;Villanueva;85440;833,8894315;35793;50;Región Llano
Putumayo;86;Mocoa;86001;1304,63788;57716;52;Región Centro Sur
Putumayo;86;Colon;86219;64,27461837;5469;52;Región Centro Sur
Putumayo;86;Orito;86320;1939,390455;38244;54;Región Centro Sur
Putumayo;86;Puerto Asis;86568;2819,154805;66084;56;Región Centro Sur
Putumayo;86;Puerto Caicedo;86569;926,4659927;16033;57;Región Centro Sur
Putumayo;86;Puerto Guzman;86571;4576,591559;36052;66;Región Centro Sur
Putumayo;86;Puerto Leguizamo;86573;10906,87681;29001;77;Región Centro Sur
Putumayo;86;Sibundoy;86749;97,7346246;15217;39;Región Centro Sur
Putumayo;86;San Francisco;86755;407,356741;5585;56;Región Centro Sur
Putumayo;86;San Miguel;86757;379,7421327;19119;47;Región Centro Sur
Putumayo;86;Santiago;86760;341,9238196;7284;52;Región Centro Sur
Putumayo;86;Valle Del Guamuez;86865;815,1615625;34082;47;Región Centro Sur
Putumayo;86;Villagarzon;86885;1396,97213;23873;57;Región Centro Sur
Archipiélago De San Andrés. Providencia Y Santa Catalina;88;San Andres;88001;27,13979276;56358;23;Región Caribe
Archipiélago De San Andrés. Providencia Y Santa Catalina;88;Providencia;88564;22,28445843;6124;41;Región Caribe
Amazonas;91;Leticia;91001;6182,41656;48918;70;Región Centro Sur
Amazonas;91;El Encanto;91263;10897,54671;2077;89;Región Centro Sur
Amazonas;91;La Chorrera;91405;12726,86791;2947;92;Región Centro Sur
Amazonas;91;La Pedrera;91407;13668,21489;3882;93;Región Centro Sur
Amazonas;91;La Victoria;91430;1432,794978;652;85;Región Centro Sur
Amazonas;91;Miriti - Parana;91460;16867,53254;1860;100;Región Centro Sur
Amazonas;91;Puerto Alegria;91530;8494,182494;759;96;Región Centro Sur
Amazonas;91;Puerto Arica;91536;13791,32699;1027;100;Región Centro Sur
Amazonas;91;Puerto Nariño;91540;1509,204302;9997;72;Región Centro Sur
Amazonas;91;Puerto Santander;91669;14731,0885;1765;96;Región Centro Sur
Amazonas;91;Tarapaca;91798;9195,877935;3869;90;Región Centro Sur
Guainía;94;Inirida;94001;15970,19859;32673;81;Región Llano
Guainía;94;Barrancominas;94343;14395,67755;8042;87;Región Llano
Guainía;94;Mapiripana;94663;;1048;84;Región Llano
Guainía;94;San Felipe;94883;2926,365121;1706;89;Región Llano
Guainía;94;Puerto Colombia;94884;15700,71281;1934;93;Región Llano
Guainía;94;La Guadalupe;94885;1178,870686;288;96;Región Llano
Guainía;94;Cacahual;94886;2335,324705;886;85;Región Llano
Guainía;94;Pana Pana;94887;10227,14678;1959;93;Región Llano
Guainía;94;Morichal;94888;8555,058239;937;100;Región Llano
Guaviare;95;San Jose Del Guaviare;95001;16768,51512;54333;70;Región Llano
Guaviare;95;Calamar;95015;13556,41522;9801;81;Región Llano
Guaviare;95;El Retorno;95025;12442,22577;13684;77;Región Llano
Guaviare;95;Miraflores;95200;12808,07706;6898;81;Región Llano
Vaupés;97;Mitu;97001;16215,73726;31302;77;Región Llano
Vaupés;97;Caruru;97161;6368,486418;3056;85;Región Llano
Vaupés;97;Pacoa;97511;13993,25057;4229;91;Región Llano
Vaupés;97;Taraira;97666;6510,246561;2318;97;Región Llano
Vaupés;97;Papunahua;97777;5551,153548;749;95;Región Llano
Vaupés;97;Yavarate;97889;4660,40565;1067;92;Región Llano
Vichada;99;Puerto Carreño;99001;12204,9514;20474;81;Región Llano
Vichada;99;La Primavera;99524;18569,33766;9799;85;Región Llano
Vichada;99;Santa Rosalia;99624;3691,869191;4130;81;Región Llano
Vichada;99;Cumaribo;99773;65597,21235;76196;87;Región Llano
